07;020;0.0;01;0.01;
07;020;0.0;02;0.00;
07;020;0.0;03;0.40;
07;020;0.0;04;0.00;
07;020;0.0;05;0.00;
07;020;0.0;06;0.00;
07;020;0.0;07;0.03;
07;020;0.0;08;0.00;
07;020;0.0;09;0.01;
07;020;0.0;10;0.00;
07;020;0.2;01;0.02;
07;020;0.2;02;0.03;
07;020;0.2;03;0.02;
07;020;0.2;04;0.03;
07;020;0.2;05;0.04;
07;020;0.2;06;0.00;
07;020;0.2;07;0.01;
07;020;0.2;08;0.12;
07;020;0.2;09;0.01;
07;020;0.2;10;0.09;
07;020;0.4;01;0.02;
07;020;0.4;02;0.02;
07;020;0.4;03;0.03;
07;020;0.4;04;0.04;
07;020;0.4;05;0.03;
07;020;0.4;06;0.04;
07;020;0.4;07;0.06;
07;020;0.4;08;0.01;
07;020;0.4;09;0.01;
07;020;0.4;10;0.07;
07;020;0.6;01;0.06;
07;020;0.6;02;0.01;
07;020;0.6;03;0.02;
07;020;0.6;04;0.02;
07;020;0.6;05;0.02;
07;020;0.6;06;0.02;
07;020;0.6;07;0.01;
07;020;0.6;08;0.02;
07;020;0.6;09;0.01;
07;020;0.6;10;0.02;
07;020;0.8;01;0.04;
07;020;0.8;02;0.02;
07;020;0.8;03;0.02;
07;020;0.8;04;0.03;
07;020;0.8;05;0.03;
07;020;0.8;06;0.02;
07;020;0.8;07;0.01;
07;020;0.8;08;0.04;
07;020;0.8;09;0.03;
07;020;0.8;10;0.08;
07;020;1.0;01;0.17;
07;020;1.0;02;0.03;
07;020;1.0;03;0.04;
07;020;1.0;04;0.04;
07;020;1.0;05;0.02;
07;020;1.0;06;0.02;
07;020;1.0;07;0.02;
07;020;1.0;08;0.04;
07;020;1.0;09;0.02;
07;020;1.0;10;0.04;
07;040;0.0;01;0.01;
07;040;0.0;02;0.51;
07;040;0.0;03;0.01;
07;040;0.0;04;0.01;
07;040;0.0;05;0.01;
07;040;0.0;06;0.02;
07;040;0.0;07;0.02;
07;040;0.0;08;0.07;
07;040;0.0;09;0.08;
07;040;0.0;10;0.00;
07;040;0.2;01;0.03;
07;040;0.2;02;0.04;
07;040;0.2;03;1.39;
07;040;0.2;04;0.03;
07;040;0.2;05;0.03;
07;040;0.2;06;0.07;
07;040;0.2;07;0.02;
07;040;0.2;08;0.06;
07;040;0.2;09;0.02;
07;040;0.2;10;0.03;
07;040;0.4;01;0.02;
07;040;0.4;02;0.06;
07;040;0.4;03;0.76;
07;040;0.4;04;0.04;
07;040;0.4;05;0.03;
07;040;0.4;06;0.10;
07;040;0.4;07;0.03;
07;040;0.4;08;0.03;
07;040;0.4;09;0.03;
07;040;0.4;10;0.02;
07;040;0.6;01;0.02;
07;040;0.6;02;0.04;
07;040;0.6;03;1.00;
07;040;0.6;04;0.02;
07;040;0.6;05;0.03;
07;040;0.6;06;0.09;
07;040;0.6;07;0.04;
07;040;0.6;08;0.03;
07;040;0.6;09;0.03;
07;040;0.6;10;0.03;
07;040;0.8;01;0.03;
07;040;0.8;02;0.03;
07;040;0.8;03;0.93;
07;040;0.8;04;0.05;
07;040;0.8;05;0.03;
07;040;0.8;06;0.11;
07;040;0.8;07;0.30;
07;040;0.8;08;0.03;
07;040;0.8;09;0.03;
07;040;0.8;10;0.03;
07;040;1.0;01;0.04;
07;040;1.0;02;0.04;
07;040;1.0;03;0.24;
07;040;1.0;04;0.04;
07;040;1.0;05;0.03;
07;040;1.0;06;0.14;
07;040;1.0;07;0.06;
07;040;1.0;08;0.04;
07;040;1.0;09;0.02;
07;040;1.0;10;0.04;
07;060;0.0;01;0.00;
07;060;0.0;02;0.03;
07;060;0.0;03;0.02;
07;060;0.0;04;0.02;
07;060;0.0;05;0.03;
07;060;0.0;06;0.15;
07;060;0.0;07;0.02;
07;060;0.0;08;0.41;
07;060;0.0;09;0.03;
07;060;0.0;10;0.02;
07;060;0.2;01;0.04;
07;060;0.2;02;0.03;
07;060;0.2;03;0.07;
07;060;0.2;04;0.03;
07;060;0.2;05;0.06;
07;060;0.2;06;0.06;
07;060;0.2;07;0.03;
07;060;0.2;08;0.03;
07;060;0.2;09;0.04;
07;060;0.2;10;0.04;
07;060;0.4;01;0.03;
07;060;0.4;02;0.04;
07;060;0.4;03;0.04;
07;060;0.4;04;0.05;
07;060;0.4;05;0.08;
07;060;0.4;06;0.06;
07;060;0.4;07;0.02;
07;060;0.4;08;0.04;
07;060;0.4;09;0.05;
07;060;0.4;10;0.05;
07;060;0.6;01;0.04;
07;060;0.6;02;0.04;
07;060;0.6;03;0.03;
07;060;0.6;04;0.12;
07;060;0.6;05;0.39;
07;060;0.6;06;0.04;
07;060;0.6;07;0.09;
07;060;0.6;08;0.09;
07;060;0.6;09;0.05;
07;060;0.6;10;0.09;
07;060;0.8;01;0.04;
07;060;0.8;02;0.09;
07;060;0.8;03;0.06;
07;060;0.8;04;0.05;
07;060;0.8;05;0.07;
07;060;0.8;06;0.06;
07;060;0.8;07;0.06;
07;060;0.8;08;0.03;
07;060;0.8;09;0.12;
07;060;0.8;10;0.10;
07;060;1.0;01;0.07;
07;060;1.0;02;0.03;
07;060;1.0;03;0.05;
07;060;1.0;04;0.05;
07;060;1.0;05;0.07;
07;060;1.0;06;0.05;
07;060;1.0;07;0.05;
07;060;1.0;08;0.05;
07;060;1.0;09;0.05;
07;060;1.0;10;0.05;
07;080;0.0;01;0.01;
07;080;0.0;02;0.70;
07;080;0.0;03;0.04;
07;080;0.0;04;0.04;
07;080;0.0;05;0.03;
07;080;0.0;06;0.02;
07;080;0.0;07;0.03;
07;080;0.0;08;0.02;
07;080;0.0;09;0.02;
07;080;0.0;10;0.03;
07;080;0.2;01;0.04;
07;080;0.2;02;0.03;
07;080;0.2;03;0.05;
07;080;0.2;04;0.06;
07;080;0.2;05;0.09;
07;080;0.2;06;0.09;
07;080;0.2;07;0.04;
07;080;0.2;08;0.05;
07;080;0.2;09;0.03;
07;080;0.2;10;0.01;
07;080;0.4;01;0.06;
07;080;0.4;02;0.08;
07;080;0.4;03;0.10;
07;080;0.4;04;0.03;
07;080;0.4;05;0.08;
07;080;0.4;06;0.05;
07;080;0.4;07;0.06;
07;080;0.4;08;0.04;
07;080;0.4;09;0.10;
07;080;0.4;10;0.06;
07;080;0.6;01;0.05;
07;080;0.6;02;0.07;
07;080;0.6;03;0.07;
07;080;0.6;04;0.03;
07;080;0.6;05;0.24;
07;080;0.6;06;0.02;
07;080;0.6;07;0.03;
07;080;0.6;08;0.04;
07;080;0.6;09;0.05;
07;080;0.6;10;0.10;
07;080;0.8;01;0.05;
07;080;0.8;02;0.07;
07;080;0.8;03;0.36;
07;080;0.8;04;0.03;
07;080;0.8;05;0.07;
07;080;0.8;06;0.04;
07;080;0.8;07;0.07;
07;080;0.8;08;0.05;
07;080;0.8;09;0.12;
07;080;0.8;10;0.09;
07;080;1.0;01;0.06;
07;080;1.0;02;0.07;
07;080;1.0;03;0.15;
07;080;1.0;04;0.04;
07;080;1.0;05;0.36;
07;080;1.0;06;0.03;
07;080;1.0;07;0.06;
07;080;1.0;08;0.04;
07;080;1.0;09;0.06;
07;080;1.0;10;0.15;
07;100;0.0;01;0.13;
07;100;0.0;02;0.67;
07;100;0.0;03;0.09;
07;100;0.0;04;0.03;
07;100;0.0;05;0.07;
07;100;0.0;06;0.02;
07;100;0.0;07;0.03;
07;100;0.0;08;0.03;
07;100;0.0;09;0.03;
07;100;0.0;10;0.04;
07;100;0.2;01;0.05;
07;100;0.2;02;0.04;
07;100;0.2;03;0.07;
07;100;0.2;04;0.04;
07;100;0.2;05;0.02;
07;100;0.2;06;0.05;
07;100;0.2;07;0.04;
07;100;0.2;08;0.06;
07;100;0.2;09;0.09;
07;100;0.2;10;0.03;
07;100;0.4;01;0.06;
07;100;0.4;02;0.10;
07;100;0.4;03;0.07;
07;100;0.4;04;0.04;
07;100;0.4;05;0.02;
07;100;0.4;06;0.05;
07;100;0.4;07;0.04;
07;100;0.4;08;0.06;
07;100;0.4;09;0.05;
07;100;0.4;10;0.04;
07;100;0.6;01;0.23;
07;100;0.6;02;0.06;
07;100;0.6;03;0.07;
07;100;0.6;04;0.05;
07;100;0.6;05;0.04;
07;100;0.6;06;0.08;
07;100;0.6;07;0.06;
07;100;0.6;08;0.05;
07;100;0.6;09;0.08;
07;100;0.6;10;0.04;
07;100;0.8;01;0.12;
07;100;0.8;02;0.07;
07;100;0.8;03;0.07;
07;100;0.8;04;0.03;
07;100;0.8;05;0.06;
07;100;0.8;06;0.20;
07;100;0.8;07;0.10;
07;100;0.8;08;0.06;
07;100;0.8;09;0.05;
07;100;0.8;10;0.07;
07;100;1.0;01;0.09;
07;100;1.0;02;0.05;
07;100;1.0;03;0.06;
07;100;1.0;04;0.03;
07;100;1.0;05;0.09;
07;100;1.0;06;0.08;
07;100;1.0;07;0.07;
07;100;1.0;08;0.05;
07;100;1.0;09;0.08;
07;100;1.0;10;0.09;
09;020;0.0;01;0.01;
09;020;0.0;02;0.01;
09;020;0.0;03;0.10;
09;020;0.0;04;0.00;
09;020;0.0;05;0.01;
09;020;0.0;06;0.00;
09;020;0.0;07;0.02;
09;020;0.0;08;0.01;
09;020;0.0;09;0.00;
09;020;0.0;10;0.00;
09;020;0.2;01;0.09;
09;020;0.2;02;0.02;
09;020;0.2;03;0.05;
09;020;0.2;04;0.05;
09;020;0.2;05;0.05;
09;020;0.2;06;0.02;
09;020;0.2;07;0.01;
09;020;0.2;08;0.04;
09;020;0.2;09;0.05;
09;020;0.2;10;0.06;
09;020;0.4;01;0.09;
09;020;0.4;02;0.02;
09;020;0.4;03;0.04;
09;020;0.4;04;0.09;
09;020;0.4;05;0.08;
09;020;0.4;06;0.06;
09;020;0.4;07;0.00;
09;020;0.4;08;0.03;
09;020;0.4;09;0.04;
09;020;0.4;10;0.04;
09;020;0.6;01;0.05;
09;020;0.6;02;0.04;
09;020;0.6;03;0.03;
09;020;0.6;04;0.06;
09;020;0.6;05;0.11;
09;020;0.6;06;0.03;
09;020;0.6;07;0.03;
09;020;0.6;08;0.04;
09;020;0.6;09;0.03;
09;020;0.6;10;0.06;
09;020;0.8;01;0.04;
09;020;0.8;02;0.03;
09;020;0.8;03;0.03;
09;020;0.8;04;0.06;
09;020;0.8;05;0.16;
09;020;0.8;06;0.05;
09;020;0.8;07;0.02;
09;020;0.8;08;0.06;
09;020;0.8;09;0.02;
09;020;0.8;10;0.24;
09;020;1.0;01;0.05;
09;020;1.0;02;0.09;
09;020;1.0;03;0.03;
09;020;1.0;04;0.04;
09;020;1.0;05;0.07;
09;020;1.0;06;0.10;
09;020;1.0;07;0.02;
09;020;1.0;08;0.04;
09;020;1.0;09;0.03;
09;020;1.0;10;0.17;
09;040;0.0;01;0.01;
09;040;0.0;02;0.64;
09;040;0.0;03;0.01;
09;040;0.0;04;0.02;
09;040;0.0;05;0.07;
09;040;0.0;06;0.09;
09;040;0.0;07;0.03;
09;040;0.0;08;0.09;
09;040;0.0;09;0.11;
09;040;0.0;10;0.01;
09;040;0.2;01;0.18;
09;040;0.2;02;0.04;
09;040;0.2;03;13.38;
09;040;0.2;04;0.03;
09;040;0.2;05;0.10;
09;040;0.2;06;0.23;
09;040;0.2;07;0.01;
09;040;0.2;08;0.07;
09;040;0.2;09;0.04;
09;040;0.2;10;0.04;
09;040;0.4;01;0.54;
09;040;0.4;02;0.09;
09;040;0.4;03;4.18;
09;040;0.4;04;0.03;
09;040;0.4;05;0.03;
09;040;0.4;06;0.58;
09;040;0.4;07;0.06;
09;040;0.4;08;0.11;
09;040;0.4;09;0.08;
09;040;0.4;10;0.05;
09;040;0.6;01;0.44;
09;040;0.6;02;0.04;
09;040;0.6;03;1.00;
09;040;0.6;04;0.04;
09;040;0.6;05;0.13;
09;040;0.6;06;0.08;
09;040;0.6;07;0.04;
09;040;0.6;08;0.05;
09;040;0.6;09;0.05;
09;040;0.6;10;0.05;
09;040;0.8;01;0.43;
09;040;0.8;02;0.13;
09;040;0.8;03;0.14;
09;040;0.8;04;0.04;
09;040;0.8;05;0.18;
09;040;0.8;06;0.11;
09;040;0.8;07;0.09;
09;040;0.8;08;0.07;
09;040;0.8;09;0.05;
09;040;0.8;10;0.07;
09;040;1.0;01;0.32;
09;040;1.0;02;0.11;
09;040;1.0;03;0.37;
09;040;1.0;04;0.03;
09;040;1.0;05;0.06;
09;040;1.0;06;0.14;
09;040;1.0;07;0.10;
09;040;1.0;08;0.08;
09;040;1.0;09;0.09;
09;040;1.0;10;0.05;
09;060;0.0;01;0.10;
09;060;0.0;02;0.83;
09;060;0.0;03;4.25;
09;060;0.0;04;0.08;
09;060;0.0;05;3.09;
09;060;0.0;06;0.10;
09;060;0.0;07;0.03;
09;060;0.0;08;0.35;
09;060;0.0;09;0.02;
09;060;0.0;10;0.05;
09;060;0.2;01;0.12;
09;060;0.2;02;0.30;
09;060;0.2;03;0.41;
09;060;0.2;04;0.11;
09;060;0.2;05;0.51;
09;060;0.2;06;0.09;
09;060;0.2;07;0.03;
09;060;0.2;08;0.04;
09;060;0.2;09;0.10;
09;060;0.2;10;0.20;
09;060;0.4;01;0.03;
09;060;0.4;02;0.24;
09;060;0.4;03;0.09;
09;060;0.4;04;0.15;
09;060;0.4;05;0.16;
09;060;0.4;06;0.07;
09;060;0.4;07;0.05;
09;060;0.4;08;0.06;
09;060;0.4;09;0.06;
09;060;0.4;10;0.34;
09;060;0.6;01;0.05;
09;060;0.6;02;0.08;
09;060;0.6;03;0.42;
09;060;0.6;04;0.10;
09;060;0.6;05;0.38;
09;060;0.6;06;0.11;
09;060;0.6;07;0.08;
09;060;0.6;08;0.04;
09;060;0.6;09;0.07;
09;060;0.6;10;0.15;
09;060;0.8;01;0.09;
09;060;0.8;02;0.07;
09;060;0.8;03;0.36;
09;060;0.8;04;0.08;
09;060;0.8;05;0.47;
09;060;0.8;06;0.83;
09;060;0.8;07;0.09;
09;060;0.8;08;0.06;
09;060;0.8;09;0.10;
09;060;0.8;10;0.56;
09;060;1.0;01;0.12;
09;060;1.0;02;0.05;
09;060;1.0;03;0.15;
09;060;1.0;04;0.11;
09;060;1.0;05;7.57;
09;060;1.0;06;3.33;
09;060;1.0;07;0.18;
09;060;1.0;08;0.05;
09;060;1.0;09;0.05;
09;060;1.0;10;0.39;
09;080;0.0;01;0.01;
09;080;0.0;02;0.78;
09;080;0.0;03;0.51;
09;080;0.0;04;1.59;
09;080;0.0;05;0.02;
09;080;0.0;06;0.14;
09;080;0.0;07;0.13;
09;080;0.0;08;0.04;
09;080;0.0;09;0.02;
09;080;0.0;10;0.04;
09;080;0.2;01;0.16;
09;080;0.2;02;0.06;
09;080;0.2;03;0.20;
09;080;0.2;04;0.09;
09;080;0.2;05;0.32;
09;080;0.2;06;0.08;
09;080;0.2;07;0.04;
09;080;0.2;08;0.06;
09;080;0.2;09;0.37;
09;080;0.2;10;0.07;
09;080;0.4;01;0.16;
09;080;0.4;02;0.11;
09;080;0.4;03;0.78;
09;080;0.4;04;0.14;
09;080;0.4;05;0.37;
09;080;0.4;06;0.07;
09;080;0.4;07;0.06;
09;080;0.4;08;0.08;
09;080;0.4;09;0.30;
09;080;0.4;10;0.06;
09;080;0.6;01;0.12;
09;080;0.6;02;0.07;
09;080;0.6;03;1.97;
09;080;0.6;04;0.06;
09;080;0.6;05;0.47;
09;080;0.6;06;0.07;
09;080;0.6;07;0.07;
09;080;0.6;08;0.08;
09;080;0.6;09;1.85;
09;080;0.6;10;0.18;
09;080;0.8;01;0.27;
09;080;0.8;02;0.07;
09;080;0.8;03;1.26;
09;080;0.8;04;0.42;
09;080;0.8;05;0.51;
09;080;0.8;06;0.08;
09;080;0.8;07;0.07;
09;080;0.8;08;0.16;
09;080;0.8;09;0.55;
09;080;0.8;10;0.18;
09;080;1.0;01;0.15;
09;080;1.0;02;0.10;
09;080;1.0;03;0.61;
09;080;1.0;04;0.25;
09;080;1.0;05;0.30;
09;080;1.0;06;0.15;
09;080;1.0;07;0.09;
09;080;1.0;08;0.22;
09;080;1.0;09;0.31;
09;080;1.0;10;0.26;
09;100;0.0;01;0.31;
09;100;0.0;02;0.68;
09;100;0.0;03;0.48;
09;100;0.0;04;0.13;
09;100;0.0;05;0.04;
09;100;0.0;06;0.25;
09;100;0.0;07;0.04;
09;100;0.0;08;0.03;
09;100;0.0;09;0.06;
09;100;0.0;10;0.04;
09;100;0.2;01;0.66;
09;100;0.2;02;0.15;
09;100;0.2;03;0.07;
09;100;0.2;04;0.11;
09;100;0.2;05;0.14;
09;100;0.2;06;0.07;
09;100;0.2;07;0.07;
09;100;0.2;08;0.09;
09;100;0.2;09;0.15;
09;100;0.2;10;0.22;
09;100;0.4;01;0.21;
09;100;0.4;02;0.10;
09;100;0.4;03;0.53;
09;100;0.4;04;0.31;
09;100;0.4;05;0.43;
09;100;0.4;06;0.14;
09;100;0.4;07;0.07;
09;100;0.4;08;0.08;
09;100;0.4;09;0.59;
09;100;0.4;10;0.32;
09;100;0.6;01;3.71;
09;100;0.6;02;0.05;
09;100;0.6;03;0.59;
09;100;0.6;04;0.19;
09;100;0.6;05;0.11;
09;100;0.6;06;0.12;
09;100;0.6;07;0.07;
09;100;0.6;08;0.07;
09;100;0.6;09;0.11;
09;100;0.6;10;0.08;
09;100;0.8;01;0.28;
09;100;0.8;02;0.14;
09;100;0.8;03;0.57;
09;100;0.8;04;0.19;
09;100;0.8;05;0.05;
09;100;0.8;06;0.10;
09;100;0.8;07;0.15;
09;100;0.8;08;0.10;
09;100;0.8;09;0.19;
09;100;0.8;10;0.13;
09;100;1.0;01;0.66;
09;100;1.0;02;0.20;
09;100;1.0;03;0.73;
09;100;1.0;04;0.13;
09;100;1.0;05;0.07;
09;100;1.0;06;0.08;
09;100;1.0;07;0.08;
09;100;1.0;08;0.09;
09;100;1.0;09;0.35;
09;100;1.0;10;0.25;
11;020;0.0;01;0.01;
11;020;0.0;02;0.01;
11;020;0.0;03;5.67;
11;020;0.0;04;0.01;
11;020;0.0;05;0.02;
11;020;0.0;06;0.02;
11;020;0.0;07;0.00;
11;020;0.0;08;0.01;
11;020;0.0;09;0.03;
11;020;0.0;10;0.01;
11;020;0.2;01;0.13;
11;020;0.2;02;0.04;
11;020;0.2;03;0.29;
11;020;0.2;04;0.04;
11;020;0.2;05;0.09;
11;020;0.2;06;0.04;
11;020;0.2;07;0.03;
11;020;0.2;08;0.04;
11;020;0.2;09;0.04;
11;020;0.2;10;0.43;
11;020;0.4;01;0.07;
11;020;0.4;02;0.04;
11;020;0.4;03;0.09;
11;020;0.4;04;0.05;
11;020;0.4;05;0.07;
11;020;0.4;06;0.04;
11;020;0.4;07;0.04;
11;020;0.4;08;0.03;
11;020;0.4;09;0.05;
11;020;0.4;10;0.13;
11;020;0.6;01;0.19;
11;020;0.6;02;0.05;
11;020;0.6;03;0.13;
11;020;0.6;04;0.13;
11;020;0.6;05;0.07;
11;020;0.6;06;0.06;
11;020;0.6;07;0.02;
11;020;0.6;08;0.06;
11;020;0.6;09;0.03;
11;020;0.6;10;0.06;
11;020;0.8;01;0.10;
11;020;0.8;02;0.13;
11;020;0.8;03;0.12;
11;020;0.8;04;0.06;
11;020;0.8;05;0.13;
11;020;0.8;06;0.05;
11;020;0.8;07;0.06;
11;020;0.8;08;0.06;
11;020;0.8;09;0.22;
11;020;0.8;10;0.10;
11;020;1.0;01;0.05;
11;020;1.0;02;0.06;
11;020;1.0;03;0.09;
11;020;1.0;04;0.06;
11;020;1.0;05;0.19;
11;020;1.0;06;0.04;
11;020;1.0;07;0.09;
11;020;1.0;08;0.10;
11;020;1.0;09;0.26;
11;020;1.0;10;0.22;
11;040;0.0;01;0.01;
11;040;0.0;02;4.34;
11;040;0.0;03;2.88;
11;040;0.0;04;0.04;
11;040;0.0;05;0.05;
11;040;0.0;06;0.20;
11;040;0.0;07;0.01;
11;040;0.0;08;1.93;
11;040;0.0;09;0.02;
11;040;0.0;10;0.05;
11;040;0.2;01;0.05;
11;040;0.2;02;0.26;
11;040;0.2;03;1.50;
11;040;0.2;04;2.81;
11;040;0.2;05;0.17;
11;040;0.2;06;2.22;
11;040;0.2;07;0.54;
11;040;0.2;08;0.16;
11;040;0.2;09;0.29;
11;040;0.2;10;1.85;
11;040;0.4;01;0.16;
11;040;0.4;02;0.07;
11;040;0.4;03;2.10;
11;040;0.4;04;2.85;
11;040;0.4;05;0.23;
11;040;0.4;06;0.48;
11;040;0.4;07;0.10;
11;040;0.4;08;0.18;
11;040;0.4;09;0.13;
11;040;0.4;10;0.16;
11;040;0.6;01;0.24;
11;040;0.6;02;0.28;
11;040;0.6;03;1.15;
11;040;0.6;04;1.06;
11;040;0.6;05;0.19;
11;040;0.6;06;2.53;
11;040;0.6;07;0.10;
11;040;0.6;08;1.21;
11;040;0.6;09;0.16;
11;040;0.6;10;0.23;
11;040;0.8;01;0.22;
11;040;0.8;02;0.12;
11;040;0.8;03;0.46;
11;040;0.8;04;1.43;
11;040;0.8;05;0.21;
11;040;0.8;06;0.33;
11;040;0.8;07;0.16;
11;040;0.8;08;1.35;
11;040;0.8;09;0.09;
11;040;0.8;10;0.40;
11;040;1.0;01;0.07;
11;040;1.0;02;0.26;
11;040;1.0;03;0.14;
11;040;1.0;04;0.46;
11;040;1.0;05;0.19;
11;040;1.0;06;0.34;
11;040;1.0;07;0.29;
11;040;1.0;08;2.04;
11;040;1.0;09;0.23;
11;040;1.0;10;0.47;
11;060;0.0;01;0.04;
11;060;0.0;02;5.48;
11;060;0.0;03;17.18;
11;060;0.0;04;0.27;
11;060;0.0;05;0.03;
11;060;0.0;06;0.37;
11;060;0.0;07;0.11;
11;060;0.0;08;0.72;
11;060;0.0;09;3.11;
11;060;0.0;10;0.02;
11;060;0.2;01;0.18;
11;060;0.2;02;0.05;
11;060;0.2;03;3.07;
11;060;0.2;04;0.07;
11;060;0.2;05;0.63;
11;060;0.2;06;0.14;
11;060;0.2;07;0.05;
11;060;0.2;08;0.07;
11;060;0.2;09;0.06;
11;060;0.2;10;0.23;
11;060;0.4;01;1.41;
11;060;0.4;02;0.14;
11;060;0.4;03;1.47;
11;060;0.4;04;0.08;
11;060;0.4;05;4.78;
11;060;0.4;06;1.30;
11;060;0.4;07;0.07;
11;060;0.4;08;0.14;
11;060;0.4;09;0.26;
11;060;0.4;10;1.04;
11;060;0.6;01;0.37;
11;060;0.6;02;0.20;
11;060;0.6;03;1.19;
11;060;0.6;04;0.15;
11;060;0.6;05;0.13;
11;060;0.6;06;0.24;
11;060;0.6;07;0.07;
11;060;0.6;08;0.07;
11;060;0.6;09;0.69;
11;060;0.6;10;0.20;
11;060;0.8;01;0.81;
11;060;0.8;02;0.26;
11;060;0.8;03;1.22;
11;060;0.8;04;0.09;
11;060;0.8;05;910.26;
11;060;0.8;06;0.19;
11;060;0.8;07;0.09;
11;060;0.8;08;0.07;
11;060;0.8;09;0.27;
11;060;0.8;10;0.29;
11;060;1.0;01;0.48;
11;060;1.0;02;0.28;
11;060;1.0;03;0.40;
11;060;1.0;04;0.17;
11;060;1.0;05;63.95;
11;060;1.0;06;0.19;
11;060;1.0;07;0.53;
11;060;1.0;08;0.14;
11;060;1.0;09;0.23;
11;060;1.0;10;2.31;
11;080;0.0;01;2.19;
11;080;0.0;02;3.10;
11;080;0.0;03;0.63;
11;080;0.0;04;0.36;
11;080;0.0;05;0.03;
11;080;0.0;06;0.12;
11;080;0.0;07;0.04;
11;080;0.0;08;21.21;
11;080;0.0;09;1.96;
11;080;0.0;10;0.04;
11;080;0.2;01;1.27;
11;080;0.2;02;0.10;
11;080;0.2;03;4.16;
11;080;0.2;04;0.27;
11;080;0.2;05;1.50;
11;080;0.2;06;0.07;
11;080;0.2;07;0.12;
11;080;0.2;08;0.07;
11;080;0.2;09;0.37;
11;080;0.2;10;0.19;
11;080;0.4;01;0.49;
11;080;0.4;02;0.21;
11;080;0.4;03;4.38;
11;080;0.4;04;0.34;
11;080;0.4;05;1.15;
11;080;0.4;06;0.65;
11;080;0.4;07;2.00;
11;080;0.4;08;0.19;
11;080;0.4;09;0.78;
11;080;0.4;10;0.24;
11;080;0.6;01;0.45;
11;080;0.6;02;0.14;
11;080;0.6;03;7.96;
11;080;0.6;04;0.68;
11;080;0.6;05;4.89;
11;080;0.6;06;1.16;
11;080;0.6;07;0.34;
11;080;0.6;08;0.17;
11;080;0.6;09;1.53;
11;080;0.6;10;0.32;
11;080;0.8;01;0.16;
11;080;0.8;02;0.15;
11;080;0.8;03;1.10;
11;080;0.8;04;0.70;
11;080;0.8;05;1.84;
11;080;0.8;06;0.44;
11;080;0.8;07;0.54;
11;080;0.8;08;0.90;
11;080;0.8;09;0.29;
11;080;0.8;10;0.76;
11;080;1.0;01;0.57;
11;080;1.0;02;0.53;
11;080;1.0;03;21.66;
11;080;1.0;04;0.96;
11;080;1.0;05;1.76;
11;080;1.0;06;0.61;
11;080;1.0;07;0.64;
11;080;1.0;08;0.27;
11;080;1.0;09;0.23;
11;080;1.0;10;5.64;
11;100;0.0;01;29.24;
11;100;0.0;02;3.67;
11;100;0.0;03;13.26;
11;100;0.0;04;0.05;
11;100;0.0;05;0.06;
11;100;0.0;06;5.39;
11;100;0.0;07;0.96;
11;100;0.0;08;0.57;
11;100;0.0;09;0.05;
11;100;0.0;10;0.50;
11;100;0.2;01;4.82;
11;100;0.2;02;0.48;
11;100;0.2;03;2.54;
11;100;0.2;04;0.18;
11;100;0.2;05;0.51;
11;100;0.2;06;0.52;
11;100;0.2;07;0.42;
11;100;0.2;08;0.08;
11;100;0.2;09;0.68;
11;100;0.2;10;0.28;
11;100;0.4;01;1.23;
11;100;0.4;02;0.18;
11;100;0.4;03;2.56;
11;100;0.4;04;0.30;
11;100;0.4;05;0.13;
11;100;0.4;06;0.54;
11;100;0.4;07;0.59;
11;100;0.4;08;0.20;
11;100;0.4;09;0.57;
11;100;0.4;10;0.96;
11;100;0.6;01;10.01;
11;100;0.6;02;0.08;
11;100;0.6;03;2.02;
11;100;0.6;04;0.49;
11;100;0.6;05;0.07;
11;100;0.6;06;1.71;
11;100;0.6;07;0.38;
11;100;0.6;08;0.17;
11;100;0.6;09;0.58;
11;100;0.6;10;1.87;
11;100;0.8;01;0.93;
11;100;0.8;02;1.18;
11;100;0.8;03;16.58;
11;100;0.8;04;0.29;
11;100;0.8;05;0.11;
11;100;0.8;06;0.28;
11;100;0.8;07;0.19;
11;100;0.8;08;0.37;
11;100;0.8;09;0.69;
11;100;0.8;10;0.51;
11;100;1.0;01;0.57;
11;100;1.0;02;0.55;
11;100;1.0;03;7.71;
11;100;1.0;04;0.28;
11;100;1.0;05;27.59;
11;100;1.0;06;0.61;
11;100;1.0;07;0.47;
11;100;1.0;08;0.22;
11;100;1.0;09;32.57;
11;100;1.0;10;0.45;
13;020;0.0;01;0.01;
13;020;0.0;02;0.00;
13;020;0.0;03;0.84;
13;020;0.0;04;0.00;
13;020;0.0;05;0.01;
13;020;0.0;06;0.01;
13;020;0.0;07;3.90;
13;020;0.0;08;0.00;
13;020;0.0;09;0.04;
13;020;0.0;10;0.02;
13;020;0.2;01;0.18;
13;020;0.2;02;0.05;
13;020;0.2;03;0.06;
13;020;0.2;04;0.05;
13;020;0.2;05;0.80;
13;020;0.2;06;0.09;
13;020;0.2;07;0.05;
13;020;0.2;08;0.19;
13;020;0.2;09;0.06;
13;020;0.2;10;0.48;
13;020;0.4;01;0.11;
13;020;0.4;02;0.03;
13;020;0.4;03;0.09;
13;020;0.4;04;0.07;
13;020;0.4;05;0.31;
13;020;0.4;06;0.06;
13;020;0.4;07;2.12;
13;020;0.4;08;0.07;
13;020;0.4;09;0.09;
13;020;0.4;10;0.07;
13;020;0.6;01;0.13;
13;020;0.6;02;0.06;
13;020;0.6;03;0.08;
13;020;0.6;04;0.08;
13;020;0.6;05;0.33;
13;020;0.6;06;0.06;
13;020;0.6;07;1.12;
13;020;0.6;08;0.12;
13;020;0.6;09;0.22;
13;020;0.6;10;0.08;
13;020;0.8;01;0.07;
13;020;0.8;02;0.05;
13;020;0.8;03;0.06;
13;020;0.8;04;0.08;
13;020;0.8;05;2.91;
13;020;0.8;06;0.07;
13;020;0.8;07;2.68;
13;020;0.8;08;0.06;
13;020;0.8;09;0.34;
13;020;0.8;10;0.13;
13;020;1.0;01;0.06;
13;020;1.0;02;0.08;
13;020;1.0;03;0.08;
13;020;1.0;04;0.11;
13;020;1.0;05;0.25;
13;020;1.0;06;0.09;
13;020;1.0;07;2.35;
13;020;1.0;08;0.79;
13;020;1.0;09;0.18;
13;020;1.0;10;0.13;
13;040;0.0;01;0.00;
13;040;0.0;02;66.66;
13;040;0.0;03;0.12;
13;040;0.0;04;0.03;
13;040;0.0;05;0.04;
13;040;0.0;06;0.07;
13;040;0.0;07;0.24;
13;040;0.0;08;1.08;
13;040;0.0;09;5.62;
13;040;0.0;10;0.11;
13;040;0.2;01;0.18;
13;040;0.2;02;1.03;
13;040;0.2;03;1.22;
13;040;0.2;04;0.46;
13;040;0.2;05;0.39;
13;040;0.2;06;5.12;
13;040;0.2;07;0.78;
13;040;0.2;08;0.29;
13;040;0.2;09;0.45;
13;040;0.2;10;0.44;
13;040;0.4;01;0.63;
13;040;0.4;02;2.45;
13;040;0.4;03;7.65;
13;040;0.4;04;6.53;
13;040;0.4;05;0.29;
13;040;0.4;06;1.43;
13;040;0.4;07;0.18;
13;040;0.4;08;0.16;
13;040;0.4;09;0.18;
13;040;0.4;10;2.17;
13;040;0.6;01;0.20;
13;040;0.6;02;0.82;
13;040;0.6;03;1.73;
13;040;0.6;04;0.81;
13;040;0.6;05;0.60;
13;040;0.6;06;0.54;
13;040;0.6;07;0.12;
13;040;0.6;08;0.58;
13;040;0.6;09;0.07;
13;040;0.6;10;2.28;
13;040;0.8;01;0.29;
13;040;0.8;02;3.36;
13;040;0.8;03;1.31;
13;040;0.8;04;33.76;
13;040;0.8;05;1.13;
13;040;0.8;06;0.93;
13;040;0.8;07;0.40;
13;040;0.8;08;1.11;
13;040;0.8;09;0.09;
13;040;0.8;10;0.54;
13;040;1.0;01;1.14;
13;040;1.0;02;2.50;
13;040;1.0;03;2.26;
13;040;1.0;04;3.10;
13;040;1.0;05;7.31;
13;040;1.0;06;1.65;
13;040;1.0;07;0.38;
13;040;1.0;08;1.58;
13;040;1.0;09;0.13;
13;040;1.0;10;0.37;
13;060;0.0;01;0.98;
13;060;0.0;02;988.96;
13;060;0.0;03;182.54;
13;060;0.0;04;1.36;
13;060;0.0;05;0.03;
13;060;0.0;06;8.11;
13;060;0.0;07;0.01;
13;060;0.0;08;0.62;
13;060;0.0;09;13.06;
13;060;0.0;10;0.06;
13;060;0.2;01;0.52;
13;060;0.2;02;0.51;
13;060;0.2;03;0.32;
13;060;0.2;04;0.59;
13;060;0.2;05;0.78;
13;060;0.2;06;0.37;
13;060;0.2;07;0.27;
13;060;0.2;08;0.14;
13;060;0.2;09;1.26;
13;060;0.2;10;2.17;
13;060;0.4;01;0.75;
13;060;0.4;02;0.18;
13;060;0.4;03;0.17;
13;060;0.4;04;0.22;
13;060;0.4;05;2.00;
13;060;0.4;06;0.41;
13;060;0.4;07;0.07;
13;060;0.4;08;0.14;
13;060;0.4;09;1.14;
13;060;0.4;10;3.16;
13;060;0.6;01;1.75;
13;060;0.6;02;1.23;
13;060;0.6;03;25.15;
13;060;0.6;04;0.41;
13;060;0.6;05;15.41;
13;060;0.6;06;0.22;
13;060;0.6;07;0.13;
13;060;0.6;08;0.42;
13;060;0.6;09;0.61;
13;060;0.6;10;1.08;
13;060;0.8;01;19.10;
13;060;0.8;02;1.33;
13;060;0.8;03;49.50;
13;060;0.8;04;0.69;
13;060;0.8;05;3.30;
13;060;0.8;06;1.81;
13;060;0.8;07;0.43;
13;060;0.8;08;3.86;
13;060;0.8;09;0.50;
13;060;0.8;10;2.78;
13;060;1.0;01;0.44;
13;060;1.0;02;3.88;
13;060;1.0;03;14.78;
13;060;1.0;04;0.32;
13;060;1.0;05;39.04;
13;060;1.0;06;1.36;
13;060;1.0;07;0.74;
13;060;1.0;08;0.31;
13;060;1.0;09;0.17;
13;060;1.0;10;17.84;
13;080;0.0;01;0.13;
13;080;0.0;02;220.44;
13;080;0.0;03;0.12;
13;080;0.0;04;16.06;
13;080;0.0;05;0.03;
13;080;0.0;06;26.13;
13;080;0.0;07;0.17;
13;080;0.0;08;0.05;
13;080;0.0;09;5.01;
13;080;0.0;10;0.09;
13;080;0.2;01;6.44;
13;080;0.2;02;0.91;
13;080;0.2;03;9.88;
13;080;0.2;04;1.80;
13;080;0.2;05;5.92;
13;080;0.2;06;0.57;
13;080;0.2;07;1.16;
13;080;0.2;08;0.15;
13;080;0.2;09;1.35;
13;080;0.2;10;8.95;
13;080;0.4;01;2.05;
13;080;0.4;02;0.89;
13;080;0.4;03;6.29;
13;080;0.4;04;2.03;
13;080;0.4;05;3.40;
13;080;0.4;06;5.33;
13;080;0.4;07;0.59;
13;080;0.4;08;0.61;
13;080;0.4;09;4.95;
13;080;0.4;10;1.80;
13;080;0.6;01;1.24;
13;080;0.6;02;0.80;
13;080;0.6;03;7.39;
13;080;0.6;04;1.24;
13;080;0.6;05;5.27;
13;080;0.6;06;1.21;
13;080;0.6;07;0.41;
13;080;0.6;08;0.41;
13;080;0.6;09;8.47;
13;080;0.6;10;3.56;
13;080;0.8;01;0.75;
13;080;0.8;02;1.74;
13;080;0.8;03;9.74;
13;080;0.8;04;1.42;
13;080;0.8;05;0.98;
13;080;0.8;06;0.15;
13;080;0.8;07;0.71;
13;080;0.8;08;0.19;
13;080;0.8;09;18.96;
13;080;0.8;10;146.50;
13;080;1.0;01;0.71;
13;080;1.0;02;0.82;
13;080;1.0;03;17.62;
13;080;1.0;04;2.62;
13;080;1.0;05;6.25;
13;080;1.0;06;0.52;
13;080;1.0;07;0.60;
13;080;1.0;08;0.16;
13;080;1.0;09;55.99;
13;080;1.0;10;10.37;
13;100;0.0;01;4.41;
13;100;0.0;02;418.54;
13;100;0.0;03;28.60;
13;100;0.0;04;0.35;
13;100;0.0;05;0.05;
13;100;0.0;06;0.09;
13;100;0.0;07;0.15;
13;100;0.0;08;0.05;
13;100;0.0;09;0.15;
13;100;0.0;10;0.32;
13;100;0.2;01;31.46;
13;100;0.2;02;0.37;
13;100;0.2;03;5.12;
13;100;0.2;04;1.60;
13;100;0.2;05;1.27;
13;100;0.2;06;0.28;
13;100;0.2;07;0.11;
13;100;0.2;08;0.29;
13;100;0.2;09;0.94;
13;100;0.2;10;1.60;
13;100;0.4;01;2.19;
13;100;0.4;02;0.83;
13;100;0.4;03;22.75;
13;100;0.4;04;0.16;
13;100;0.4;05;0.22;
13;100;0.4;06;11.50;
13;100;0.4;07;11.45;
13;100;0.4;08;0.26;
13;100;0.4;09;1.63;
13;100;0.4;10;2.29;
13;100;0.6;01;127.96;
13;100;0.6;02;1.00;
13;100;0.6;03;16.83;
13;100;0.6;04;2.28;
13;100;0.6;05;1.04;
13;100;0.6;06;1.21;
13;100;0.6;07;0.71;
13;100;0.6;08;1.34;
13;100;0.6;09;16.06;
13;100;0.6;10;3.55;
13;100;0.8;01;710.39;
13;100;0.8;02;1.10;
13;100;0.8;03;100.54;
13;100;0.8;04;0.59;
13;100;0.8;05;231.02;
13;100;0.8;06;0.52;
13;100;0.8;07;0.19;
13;100;0.8;08;0.19;
13;100;0.8;09;6.73;
13;100;0.8;10;2.47;
13;100;1.0;01;3.80;
13;100;1.0;02;25.20;
13;100;1.0;03;59.11;
13;100;1.0;04;5.70;
13;100;1.0;05;5.04;
13;100;1.0;06;0.63;
13;100;1.0;07;0.25;
13;100;1.0;08;1.05;
13;100;1.0;09;4.37;
13;100;1.0;10;1.05;
