100;5;0.25;1;0;18336;18409;1;0.123783
100;5;0.25;1;1;18336;18409;0;0.114587
100;5;0.25;1;2;18336;18409;0;0.115202
100;5;0.25;1;3;18336;18409;0;0.114390
100;5;0.25;1;4;18336;18409;0;0.124436
100;5;0.25;1;5;18336;18409;1;0.117876
100;5;0.25;1;6;18336;18409;0;0.114051
100;5;0.25;1;7;18336;18409;4;0.121327
100;5;0.25;1;8;18336;18409;0;0.118450
100;5;0.25;1;9;18336;18409;0;0.117144
100;5;0.25;2;0;19549;19549;0;0.192826
100;5;0.25;2;1;19549;19549;0;0.176369
100;5;0.25;2;2;19549;19549;4;0.126860
100;5;0.25;2;3;19549;19549;0;0.131138
100;5;0.25;2;4;19549;19549;2;0.124767
100;5;0.25;2;5;19549;19549;1;0.130611
100;5;0.25;2;6;19549;19549;0;0.129221
100;5;0.25;2;7;19549;19549;4;0.131811
100;5;0.25;2;8;19549;19549;3;0.126960
100;5;0.25;2;9;19549;19549;3;0.118690
100;5;0.25;3;0;18723;18793;1;0.178663
100;5;0.25;3;1;18723;18793;0;0.194645
100;5;0.25;3;2;18723;18793;0;0.195440
100;5;0.25;3;3;18723;18793;1;0.196807
100;5;0.25;3;4;18723;18793;0;0.194681
100;5;0.25;3;5;18723;18793;0;0.199084
100;5;0.25;3;6;18723;18793;0;0.192776
100;5;0.25;3;7;18723;18793;0;0.194081
100;5;0.25;3;8;18723;18793;0;0.202557
100;5;0.25;3;9;18723;18793;0;0.197218
100;5;0.25;4;0;20311;20331;0;0.120900
100;5;0.25;4;1;20311;20331;0;0.121087
100;5;0.25;4;2;20311;20331;2;0.123084
100;5;0.25;4;3;20311;20331;0;0.123664
100;5;0.25;4;4;20311;20331;3;0.123565
100;5;0.25;4;5;20311;20331;0;0.119765
100;5;0.25;4;6;20311;20331;0;0.121200
100;5;0.25;4;7;20311;20331;4;0.142163
100;5;0.25;4;8;20311;20331;0;0.132344
100;5;0.25;4;9;20311;20331;0;0.132372
100;5;0.25;5;0;19391;19391;0;0.135019
100;5;0.25;5;1;19391;19391;0;0.122738
100;5;0.25;5;2;19391;19391;0;0.119374
100;5;0.25;5;3;19391;19391;0;0.125286
100;5;0.25;5;4;19391;19391;0;0.121161
100;5;0.25;5;5;19391;19391;0;0.111911
100;5;0.25;5;6;19391;19391;0;0.108654
100;5;0.25;5;7;19391;19391;0;0.108625
100;5;0.25;5;8;19391;19391;0;0.110021
100;5;0.25;5;9;19391;19391;0;0.120117
100;5;0.25;6;0;18768;18822;0;0.124333
100;5;0.25;6;1;18768;18822;2;0.126501
100;5;0.25;6;2;18768;18822;0;0.123556
100;5;0.25;6;3;18768;18822;1;0.124854
100;5;0.25;6;4;18768;18822;2;0.123979
100;5;0.25;6;5;18768;18822;1;0.124389
100;5;0.25;6;6;18768;18822;0;0.124570
100;5;0.25;6;7;18768;18822;0;0.125694
100;5;0.25;6;8;18768;18822;4;0.135813
100;5;0.25;6;9;18768;18822;0;0.133624
100;5;0.25;7;0;19226;19344;1;0.126620
100;5;0.25;7;1;19226;19344;3;0.126217
100;5;0.25;7;2;19226;19344;0;0.123987
100;5;0.25;7;3;19226;19344;0;0.129010
100;5;0.25;7;4;19226;19344;1;0.138640
100;5;0.25;7;5;19226;19344;1;0.139816
100;5;0.25;7;6;19226;19344;0;0.139215
100;5;0.25;7;7;19226;19344;3;0.142441
100;5;0.25;7;8;19226;19344;4;0.145765
100;5;0.25;7;9;19226;19344;0;0.130764
100;5;0.25;8;0;18983;19004;1;0.157739
100;5;0.25;8;1;18983;19004;0;0.137709
100;5;0.25;8;2;18983;19004;1;0.121047
100;5;0.25;8;3;18983;19004;2;0.119141
100;5;0.25;8;4;18983;19004;0;0.131276
100;5;0.25;8;5;18983;19004;0;0.118967
100;5;0.25;8;6;18983;19004;0;0.120539
100;5;0.25;8;7;18983;19004;0;0.121892
100;5;0.25;8;8;18983;19004;1;0.119705
100;5;0.25;8;9;18983;19004;0;0.119604
100;5;0.25;9;0;18386;18405;0;0.118317
100;5;0.25;9;1;18386;18405;0;0.131869
100;5;0.25;9;2;18386;18405;0;0.115941
100;5;0.25;9;3;18386;18405;0;0.119484
100;5;0.25;9;4;18386;18405;0;0.122179
100;5;0.25;9;5;18386;18405;1;0.129449
100;5;0.25;9;6;18386;18405;3;0.143155
100;5;0.25;9;7;18386;18405;0;0.129560
100;5;0.25;9;8;18386;18405;1;0.132556
100;5;0.25;9;9;18386;18405;2;0.136123
100;5;0.25;10;0;18895;18895;0;0.125422
100;5;0.25;10;1;18895;18895;0;0.123550
100;5;0.25;10;2;18895;18895;0;0.126949
100;5;0.25;10;3;18895;18895;2;0.125445
100;5;0.25;10;4;18895;18895;1;0.130191
100;5;0.25;10;5;18895;18895;0;0.121634
100;5;0.25;10;6;18895;18895;0;0.111614
100;5;0.25;10;7;18895;18895;0;0.112468
100;5;0.25;10;8;18895;18895;1;0.113075
100;5;0.25;10;9;18895;18895;0;0.113241
100;5;0.50;1;0;32210;32299;0;0.143287
100;5;0.50;1;1;32210;32299;0;0.146983
100;5;0.50;1;2;32210;32299;0;0.164259
100;5;0.50;1;3;32210;32299;0;0.151291
100;5;0.50;1;4;32210;32299;1;0.148161
100;5;0.50;1;5;32210;32299;10;0.164717
100;5;0.50;1;6;32210;32299;7;0.178250
100;5;0.50;1;7;32210;32299;10;0.171091
100;5;0.50;1;8;32210;32299;0;0.152658
100;5;0.50;1;9;32210;32299;1;0.154261
100;5;0.50;2;0;34303;34342;0;0.207482
100;5;0.50;2;1;34303;34342;0;0.209489
100;5;0.50;2;2;34303;34342;1;0.204332
100;5;0.50;2;3;34303;34342;2;0.204786
100;5;0.50;2;4;34303;34342;2;0.204287
100;5;0.50;2;5;34303;34342;0;0.208064
100;5;0.50;2;6;34303;34342;3;0.212257
100;5;0.50;2;7;34303;34342;0;0.205214
100;5;0.50;2;8;34303;34342;3;0.132664
100;5;0.50;2;9;34303;34342;0;0.128433
100;5;0.50;3;0;31237;31276;0;0.134554
100;5;0.50;3;1;31237;31276;1;0.134087
100;5;0.50;3;2;31237;31276;2;0.134494
100;5;0.50;3;3;31237;31276;0;0.130617
100;5;0.50;3;4;31237;31276;1;0.116016
100;5;0.50;3;5;31237;31276;4;0.118357
100;5;0.50;3;6;31237;31276;2;0.126117
100;5;0.50;3;7;31237;31276;0;0.119920
100;5;0.50;3;8;31237;31276;2;0.116066
100;5;0.50;3;9;31237;31276;2;0.118853
100;5;0.50;4;0;31866;31899;0;0.112244
100;5;0.50;4;1;31866;31899;0;0.113317
100;5;0.50;4;2;31866;31899;0;0.116692
100;5;0.50;4;3;31866;31899;2;0.125968
100;5;0.50;4;4;31866;31899;0;0.128311
100;5;0.50;4;5;31866;31899;0;0.123498
100;5;0.50;4;6;31866;31899;0;0.141023
100;5;0.50;4;7;31866;31899;0;0.121699
100;5;0.50;4;8;31866;31899;0;0.120042
100;5;0.50;4;9;31866;31899;0;0.124461
100;5;0.50;5;0;33977;34010;0;0.142604
100;5;0.50;5;1;33977;34010;6;0.134382
100;5;0.50;5;2;33977;34010;0;0.125816
100;5;0.50;5;3;33977;34010;0;0.130089
100;5;0.50;5;4;33977;34010;8;0.135099
100;5;0.50;5;5;33977;34010;1;0.130392
100;5;0.50;5;6;33977;34010;5;0.144836
100;5;0.50;5;7;33977;34010;0;0.128108
100;5;0.50;5;8;33977;34010;0;0.133544
100;5;0.50;5;9;33977;34010;0;0.137191
100;5;0.50;6;0;35227;35227;1;0.120302
100;5;0.50;6;1;35227;35227;0;0.126989
100;5;0.50;6;2;35227;35227;0;0.125313
100;5;0.50;6;3;35227;35227;1;0.126832
100;5;0.50;6;4;35227;35227;0;0.145825
100;5;0.50;6;5;35227;35227;5;0.128780
100;5;0.50;6;6;35227;35227;1;0.128391
100;5;0.50;6;7;35227;35227;0;0.141547
100;5;0.50;6;8;35227;35227;0;0.125265
100;5;0.50;6;9;35227;35227;0;0.118168
100;5;0.50;7;0;32843;32843;0;0.131890
100;5;0.50;7;1;32843;32843;1;0.127810
100;5;0.50;7;2;32843;32843;5;0.132514
100;5;0.50;7;3;32843;32843;1;0.130971
100;5;0.50;7;4;32843;32843;0;0.132556
100;5;0.50;7;5;32843;32843;5;0.146615
100;5;0.50;7;6;32843;32843;0;0.130458
100;5;0.50;7;7;32843;32843;5;0.125850
100;5;0.50;7;8;32843;32843;0;0.125729
100;5;0.50;7;9;32843;32843;0;0.138595
100;5;0.50;8;0;32318;32318;1;0.127171
100;5;0.50;8;1;32318;32318;7;0.136748
100;5;0.50;8;2;32318;32318;4;0.133555
100;5;0.50;8;3;32318;32318;4;0.136708
100;5;0.50;8;4;32318;32318;0;0.145542
100;5;0.50;8;5;32318;32318;0;0.129169
100;5;0.50;8;6;32318;32318;0;0.128922
100;5;0.50;8;7;32318;32318;0;0.131778
100;5;0.50;8;8;32318;32318;0;0.132748
100;5;0.50;8;9;32318;32318;0;0.123965
100;5;0.50;9;0;30703;30767;0;0.123838
100;5;0.50;9;1;30703;30767;0;0.113069
100;5;0.50;9;2;30703;30767;0;0.117542
100;5;0.50;9;3;30703;30767;0;0.115979
100;5;0.50;9;4;30703;30767;1;0.115255
100;5;0.50;9;5;30703;30767;0;0.114921
100;5;0.50;9;6;30703;30767;0;0.115041
100;5;0.50;9;7;30703;30767;0;0.117492
100;5;0.50;9;8;30703;30767;1;0.129010
100;5;0.50;9;9;30703;30767;0;0.124404
100;5;0.50;10;0;34058;34080;0;0.125464
100;5;0.50;10;1;34058;34080;0;0.132190
100;5;0.50;10;2;34058;34080;1;0.126038
100;5;0.50;10;3;34058;34080;4;0.127770
100;5;0.50;10;4;34058;34080;2;0.128139
100;5;0.50;10;5;34058;34080;2;0.125664
100;5;0.50;10;6;34058;34080;2;0.125105
100;5;0.50;10;7;34058;34080;0;0.121580
100;5;0.50;10;8;34058;34080;0;0.124210
100;5;0.50;10;9;34058;34080;1;0.125247
100;5;0.75;1;0;44929;44929;0;0.152360
100;5;0.75;1;1;44929;44929;0;0.117385
100;5;0.75;1;2;44929;44929;1;0.114956
100;5;0.75;1;3;44929;44929;0;0.113824
100;5;0.75;1;4;44929;44929;0;0.114551
100;5;0.75;1;5;44929;44929;0;0.125011
100;5;0.75;1;6;44929;44929;0;0.123179
100;5;0.75;1;7;44929;44929;0;0.112656
100;5;0.75;1;8;44929;44929;0;0.131541
100;5;0.75;1;9;44929;44929;0;0.114792
100;5;0.75;2;0;44651;44695;0;0.124493
100;5;0.75;2;1;44651;44695;0;0.134921
100;5;0.75;2;2;44651;44695;0;0.145447
100;5;0.75;2;3;44651;44695;2;0.146061
100;5;0.75;2;4;44651;44695;3;0.135405
100;5;0.75;2;5;44651;44695;0;0.150952
100;5;0.75;2;6;44651;44695;0;0.136835
100;5;0.75;2;7;44651;44695;13;0.155990
100;5;0.75;2;8;44651;44695;6;0.150006
100;5;0.75;2;9;44651;44695;0;0.151253
100;5;0.75;3;0;41976;41976;4;0.188771
100;5;0.75;3;1;41976;41976;0;0.188223
100;5;0.75;3;2;41976;41976;1;0.188815
100;5;0.75;3;3;41976;41976;0;0.189789
100;5;0.75;3;4;41976;41976;1;0.190452
100;5;0.75;3;5;41976;41976;4;0.189146
100;5;0.75;3;6;41976;41976;0;0.190011
100;5;0.75;3;7;41976;41976;1;0.189897
100;5;0.75;3;8;41976;41976;2;0.189546
100;5;0.75;3;9;41976;41976;0;0.165562
100;5;0.75;4;0;46386;46386;5;0.137362
100;5;0.75;4;1;46386;46386;0;0.122168
100;5;0.75;4;2;46386;46386;2;0.120476
100;5;0.75;4;3;46386;46386;0;0.119756
100;5;0.75;4;4;46386;46386;0;0.121630
100;5;0.75;4;5;46386;46386;0;0.129238
100;5;0.75;4;6;46386;46386;0;0.123372
100;5;0.75;4;7;46386;46386;0;0.134469
100;5;0.75;4;8;46386;46386;0;0.146931
100;5;0.75;4;9;46386;46386;0;0.140921
100;5;0.75;5;0;46259;46259;0;0.121013
100;5;0.75;5;1;46259;46259;0;0.120857
100;5;0.75;5;2;46259;46259;1;0.122611
100;5;0.75;5;3;46259;46259;0;0.122124
100;5;0.75;5;4;46259;46259;1;0.119453
100;5;0.75;5;5;46259;46259;0;0.114673
100;5;0.75;5;6;46259;46259;0;0.111558
100;5;0.75;5;7;46259;46259;1;0.112711
100;5;0.75;5;8;46259;46259;3;0.111987
100;5;0.75;5;9;46259;46259;0;0.112102
100;5;0.75;6;0;43676;43692;2;0.125355
100;5;0.75;6;1;43676;43692;1;0.137620
100;5;0.75;6;2;43676;43692;3;0.125816
100;5;0.75;6;3;43676;43692;0;0.133740
100;5;0.75;6;4;43676;43692;6;0.130661
100;5;0.75;6;5;43676;43692;2;0.125748
100;5;0.75;6;6;43676;43692;2;0.127316
100;5;0.75;6;7;43676;43692;3;0.125077
100;5;0.75;6;8;43676;43692;0;0.125182
100;5;0.75;6;9;43676;43692;4;0.146707
100;5;0.75;7;0;43162;43162;0;0.127686
100;5;0.75;7;1;43162;43162;0;0.128113
100;5;0.75;7;2;43162;43162;1;0.128036
100;5;0.75;7;3;43162;43162;0;0.128648
100;5;0.75;7;4;43162;43162;0;0.143097
100;5;0.75;7;5;43162;43162;1;0.130629
100;5;0.75;7;6;43162;43162;2;0.128744
100;5;0.75;7;7;43162;43162;0;0.133176
100;5;0.75;7;8;43162;43162;0;0.116718
100;5;0.75;7;9;43162;43162;0;0.117924
100;5;0.75;8;0;43699;43699;5;0.130981
100;5;0.75;8;1;43699;43699;3;0.130011
100;5;0.75;8;2;43699;43699;4;0.127019
100;5;0.75;8;3;43699;43699;0;0.125143
100;5;0.75;8;4;43699;43699;5;0.136182
100;5;0.75;8;5;43699;43699;3;0.130015
100;5;0.75;8;6;43699;43699;2;0.147649
100;5;0.75;8;7;43699;43699;1;0.124753
100;5;0.75;8;8;43699;43699;4;0.128914
100;5;0.75;8;9;43699;43699;0;0.125549
100;5;0.75;9;0;41669;41669;2;0.118213
100;5;0.75;9;1;41669;41669;0;0.118341
100;5;0.75;9;2;41669;41669;0;0.127978
100;5;0.75;9;3;41669;41669;2;0.118136
100;5;0.75;9;4;41669;41669;0;0.115427
100;5;0.75;9;5;41669;41669;1;0.117882
100;5;0.75;9;6;41669;41669;0;0.121246
100;5;0.75;9;7;41669;41669;0;0.118827
100;5;0.75;9;8;41669;41669;5;0.122444
100;5;0.75;9;9;41669;41669;1;0.117251
100;5;0.75;10;0;43635;43635;2;0.150729
100;5;0.75;10;1;43635;43635;1;0.143774
100;5;0.75;10;2;43635;43635;1;0.149667
100;5;0.75;10;3;43635;43635;0;0.154663
100;5;0.75;10;4;43635;43635;6;0.143263
100;5;0.75;10;5;43635;43635;2;0.141499
100;5;0.75;10;6;43635;43635;4;0.139205
100;5;0.75;10;7;43635;43635;1;0.131316
100;5;0.75;10;8;43635;43635;3;0.132761
100;5;0.75;10;9;43635;43635;0;0.135157
100;10;0.25;1;0;17531;17597;14;0.190891
100;10;0.25;1;1;17531;17597;4;0.206574
100;10;0.25;1;2;17531;17597;5;0.179946
100;10;0.25;1;3;17531;17597;24;0.189836
100;10;0.25;1;4;17531;17597;40;0.206116
100;10;0.25;1;5;17531;17597;7;0.190069
100;10;0.25;1;6;17531;17597;6;0.171494
100;10;0.25;1;7;17531;17597;37;0.177712
100;10;0.25;1;8;17531;17597;27;0.196748
100;10;0.25;1;9;17531;17597;25;0.180881
100;10;0.25;2;0;18323;18394;12;0.199229
100;10;0.25;2;1;18323;18394;27;0.225319
100;10;0.25;2;2;18323;18394;90;0.284094
100;10;0.25;2;3;18323;18394;55;0.232191
100;10;0.25;2;4;18323;18394;7;0.231539
100;10;0.25;2;5;18323;18394;7;0.214079
100;10;0.25;2;6;18323;18394;13;0.219390
100;10;0.25;2;7;18323;18394;14;0.228295
100;10;0.25;2;8;18323;18394;33;0.299801
100;10;0.25;2;9;18323;18394;42;0.230397
100;10;0.25;3;0;19520;19644;7;0.186138
100;10;0.25;3;1;19520;19644;28;0.211025
100;10;0.25;3;2;19520;19644;51;0.209016
100;10;0.25;3;3;19520;19644;33;0.190221
100;10;0.25;3;4;19520;19644;5;0.163938
100;10;0.25;3;5;19520;19644;17;0.166806
100;10;0.25;3;6;19520;19644;17;0.173418
100;10;0.25;3;7;19520;19644;20;0.164768
100;10;0.25;3;8;19520;19644;23;0.162089
100;10;0.25;3;9;19520;19644;1;0.183028
100;10;0.25;4;0;18088;18145;4;0.135954
100;10;0.25;4;1;18088;18145;2;0.132220
100;10;0.25;4;2;18088;18145;11;0.137537
100;10;0.25;4;3;18088;18145;7;0.136018
100;10;0.25;4;4;18088;18145;3;0.145407
100;10;0.25;4;5;18088;18145;3;0.144107
100;10;0.25;4;6;18088;18145;12;0.141781
100;10;0.25;4;7;18088;18145;3;0.150563
100;10;0.25;4;8;18058;18145;2;0.136106
100;10;0.25;4;9;18088;18145;4;0.148895
100;10;0.25;5;0;18577;18660;14;0.164848
100;10;0.25;5;1;18577;18660;5;0.174814
100;10;0.25;5;2;18577;18660;46;0.204585
100;10;0.25;5;3;18577;18660;4;0.165135
100;10;0.25;5;4;18547;18660;0;0.168578
100;10;0.25;5;5;18577;18660;13;0.201041
100;10;0.25;5;6;18577;18660;44;0.211614
100;10;0.25;5;7;18577;18660;16;0.169061
100;10;0.25;5;8;18577;18660;17;0.164478
100;10;0.25;5;9;18577;18660;15;0.176951
100;10;0.25;6;0;18855;18974;39;0.237222
100;10;0.25;6;1;18855;18974;21;0.170464
100;10;0.25;6;2;18855;18974;1;0.165422
100;10;0.25;6;3;18855;18974;22;0.174737
100;10;0.25;6;4;18776;18974;2;0.148967
100;10;0.25;6;5;18855;18974;4;0.160088
100;10;0.25;6;6;18855;18974;9;0.178012
100;10;0.25;6;7;18852;18974;3;0.172640
100;10;0.25;6;8;18855;18974;0;0.162722
100;10;0.25;6;9;18855;18974;22;0.201156
100;10;0.25;7;0;17875;17930;4;0.167840
100;10;0.25;7;1;17875;17930;12;0.167020
100;10;0.25;7;2;17875;17930;15;0.170099
100;10;0.25;7;3;17875;17930;7;0.159504
100;10;0.25;7;4;17875;17930;12;0.169485
100;10;0.25;7;5;17875;17930;17;0.166744
100;10;0.25;7;6;17875;17930;4;0.163394
100;10;0.25;7;7;17875;17930;7;0.148844
100;10;0.25;7;8;17875;17930;11;0.157555
100;10;0.25;7;9;17875;17930;10;0.142214
100;10;0.25;8;0;17138;17138;61;0.261371
100;10;0.25;8;1;17138;17138;22;0.222603
100;10;0.25;8;2;17138;17138;13;0.226491
100;10;0.25;8;3;17138;17138;31;0.222183
100;10;0.25;8;4;17138;17138;0;0.237639
100;10;0.25;8;5;17138;17138;18;0.233499
100;10;0.25;8;6;17138;17138;9;0.187525
100;10;0.25;8;7;17138;17138;6;0.278786
100;10;0.25;8;8;17138;17138;23;0.219590
100;10;0.25;8;9;17124;17138;12;0.247125
100;10;0.25;9;0;17101;17208;44;0.239867
100;10;0.25;9;1;17101;17208;9;0.282264
100;10;0.25;9;2;17101;17208;38;0.321140
100;10;0.25;9;3;17101;17208;4;0.254070
100;10;0.25;9;4;17101;17208;2;0.231424
100;10;0.25;9;5;17101;17208;31;0.254493
100;10;0.25;9;6;17101;17208;17;0.291466
100;10;0.25;9;7;17101;17208;14;0.298486
100;10;0.25;9;8;17101;17208;5;0.258036
100;10;0.25;9;9;17101;17208;27;0.322857
100;10;0.25;10;0;17902;17902;8;0.225372
100;10;0.25;10;1;17902;17902;12;0.198205
100;10;0.25;10;2;17902;17902;12;0.233565
100;10;0.25;10;3;17902;17902;7;0.194936
100;10;0.25;10;4;17902;17902;8;0.236687
100;10;0.25;10;5;17902;17902;12;0.207792
100;10;0.25;10;6;17902;17902;0;0.190208
100;10;0.25;10;7;17902;17902;11;0.221294
100;10;0.25;10;8;17902;17902;44;0.208418
100;10;0.25;10;9;17902;17902;0;0.165958
100;10;0.50;1;0;31963;32026;21;0.209116
100;10;0.50;1;1;31963;32026;7;0.242753
100;10;0.50;1;2;31963;32026;11;0.214153
100;10;0.50;1;3;31963;32026;65;0.256629
100;10;0.50;1;4;31955;32026;7;0.139347
100;10;0.50;1;5;31963;32026;5;0.217581
100;10;0.50;1;6;31955;32026;2;0.148394
100;10;0.50;1;7;31963;32026;0;0.204706
100;10;0.50;1;8;31955;32026;5;0.158073
100;10;0.50;1;9;31963;32026;1;0.208362
100;10;0.50;2;0;31740;31794;13;0.146246
100;10;0.50;2;1;31740;31794;7;0.144750
100;10;0.50;2;2;31740;31794;22;0.148809
100;10;0.50;2;3;31740;31794;12;0.144851
100;10;0.50;2;4;31740;31794;0;0.136909
100;10;0.50;2;5;31740;31794;6;0.142717
100;10;0.50;2;6;31740;31794;16;0.144623
100;10;0.50;2;7;31740;31794;10;0.146379
100;10;0.50;2;8;31740;31794;13;0.164431
100;10;0.50;2;9;31740;31794;8;0.168963
100;10;0.50;3;0;30904;30904;34;0.324044
100;10;0.50;3;1;30904;30904;20;0.229773
100;10;0.50;3;2;30904;30904;3;0.187731
100;10;0.50;3;3;30904;30904;7;0.172474
100;10;0.50;3;4;30904;30904;14;0.185926
100;10;0.50;3;5;30904;30904;2;0.179588
100;10;0.50;3;6;30904;30904;17;0.166202
100;10;0.50;3;7;30904;30904;0;0.185955
100;10;0.50;3;8;30904;30904;23;0.205281
100;10;0.50;3;9;30904;30904;3;0.188318
100;10;0.50;4;0;32826;32826;4;0.249257
100;10;0.50;4;1;32826;32826;5;0.255946
100;10;0.50;4;2;32826;32826;2;0.238912
100;10;0.50;4;3;32826;32826;4;0.263088
100;10;0.50;4;4;32826;32826;32;0.304647
100;10;0.50;4;5;32826;32826;16;0.282833
100;10;0.50;4;6;32826;32826;3;0.251663
100;10;0.50;4;7;32826;32826;0;0.258902
100;10;0.50;4;8;32826;32826;1;0.248901
100;10;0.50;4;9;32826;32826;11;0.271505
100;10;0.50;5;0;31790;31866;18;0.179494
100;10;0.50;5;1;31790;31866;14;0.166531
100;10;0.50;5;2;31790;31866;3;0.177153
100;10;0.50;5;3;31790;31866;8;0.172425
100;10;0.50;5;4;31781;31866;8;0.147082
100;10;0.50;5;5;31781;31866;15;0.160329
100;10;0.50;5;6;31790;31866;25;0.192344
100;10;0.50;5;7;31790;31866;16;0.156485
100;10;0.50;5;8;31781;31866;3;0.142460
100;10;0.50;5;9;31790;31866;23;0.163075
100;10;0.50;6;0;32524;32539;10;0.184440
100;10;0.50;6;1;32524;32539;4;0.222407
100;10;0.50;6;2;32464;32539;27;0.231678
100;10;0.50;6;3;32524;32539;18;0.274058
100;10;0.50;6;4;32524;32539;11;0.264143
100;10;0.50;6;5;32524;32539;30;0.245229
100;10;0.50;6;6;32524;32539;21;0.179540
100;10;0.50;6;7;32524;32539;0;0.257720
100;10;0.50;6;8;32524;32539;96;0.279890
100;10;0.50;6;9;32464;32539;8;0.227204
100;10;0.50;7;0;31887;31887;6;0.200926
100;10;0.50;7;1;31887;31887;18;0.198462
100;10;0.50;7;2;31887;31887;31;0.203141
100;10;0.50;7;3;31887;31887;2;0.220067
100;10;0.50;7;4;31887;31887;13;0.269176
100;10;0.50;7;5;31887;31887;5;0.251074
100;10;0.50;7;6;31887;31887;20;0.237940
100;10;0.50;7;7;31887;31887;0;0.202464
100;10;0.50;7;8;31887;31887;6;0.211161
100;10;0.50;7;9;31887;31887;8;0.209668
100;10;0.50;8;0;33772;33806;27;0.186921
100;10;0.50;8;1;33772;33806;9;0.184775
100;10;0.50;8;2;33772;33806;4;0.192816
100;10;0.50;8;3;33772;33806;13;0.180122
100;10;0.50;8;4;33772;33806;0;0.199239
100;10;0.50;8;5;33772;33806;18;0.198158
100;10;0.50;8;6;33772;33806;62;0.211252
100;10;0.50;8;7;33772;33806;48;0.238672
100;10;0.50;8;8;33772;33806;0;0.168135
100;10;0.50;8;9;33772;33806;4;0.171131
100;10;0.50;9;0;31521;31594;21;0.197323
100;10;0.50;9;1;31521;31594;0;0.188588
100;10;0.50;9;2;31521;31594;24;0.256562
100;10;0.50;9;3;31521;31594;0;0.190470
100;10;0.50;9;4;31521;31594;19;0.202946
100;10;0.50;9;5;31521;31594;6;0.209445
100;10;0.50;9;6;31521;31594;0;0.206587
100;10;0.50;9;7;31521;31594;42;0.314488
100;10;0.50;9;8;31521;31594;47;0.216964
100;10;0.50;9;9;31521;31594;0;0.177053
100;10;0.50;10;0;32222;32248;6;0.182005
100;10;0.50;10;1;32225;32248;0;0.226222
100;10;0.50;10;2;32222;32248;52;0.225457
100;10;0.50;10;3;32225;32248;74;0.310692
100;10;0.50;10;4;32225;32248;14;0.236444
100;10;0.50;10;5;32225;32248;9;0.249028
100;10;0.50;10;6;32225;32248;22;0.246446
100;10;0.50;10;7;32225;32248;68;0.266474
100;10;0.50;10;8;32225;32248;31;0.297202
100;10;0.50;10;9;32225;32248;5;0.252424
100;10;0.75;1;0;42375;42409;7;0.177727
100;10;0.75;1;1;42375;42409;0;0.160743
100;10;0.75;1;2;42375;42409;9;0.165470
100;10;0.75;1;3;42375;42409;7;0.165199
100;10;0.75;1;4;42375;42409;16;0.184560
100;10;0.75;1;5;42349;42409;15;0.179103
100;10;0.75;1;6;42375;42409;14;0.182256
100;10;0.75;1;7;42375;42409;8;0.170182
100;10;0.75;1;8;42375;42409;17;0.187287
100;10;0.75;1;9;42375;42409;17;0.164064
100;10;0.75;2;0;42470;42470;11;0.183232
100;10;0.75;2;1;42470;42470;24;0.185763
100;10;0.75;2;2;42470;42470;0;0.183424
100;10;0.75;2;3;42470;42470;36;0.210519
100;10;0.75;2;4;42470;42470;2;0.177143
100;10;0.75;2;5;42470;42470;42;0.244502
100;10;0.75;2;6;42470;42470;6;0.176383
100;10;0.75;2;7;42470;42470;26;0.198178
100;10;0.75;2;8;42470;42470;5;0.185911
100;10;0.75;2;9;42470;42470;60;0.212068
100;10;0.75;3;0;41943;41991;6;0.167236
100;10;0.75;3;1;41978;41991;0;0.202966
100;10;0.75;3;2;41978;41991;13;0.202649
100;10;0.75;3;3;41978;41991;8;0.188642
100;10;0.75;3;4;41978;41991;6;0.178144
100;10;0.75;3;5;41978;41991;0;0.232826
100;10;0.75;3;6;41978;41991;22;0.282099
100;10;0.75;3;7;41978;41991;8;0.238352
100;10;0.75;3;8;41943;41991;8;0.168736
100;10;0.75;3;9;41978;41991;3;0.190861
100;10;0.75;4;0;44543;44543;41;0.219826
100;10;0.75;4;1;44543;44543;86;0.231918
100;10;0.75;4;2;44543;44543;63;0.204734
100;10;0.75;4;3;44543;44543;19;0.237108
100;10;0.75;4;4;44543;44543;13;0.200541
100;10;0.75;4;5;44543;44543;9;0.206079
100;10;0.75;4;6;44543;44543;25;0.230219
100;10;0.75;4;7;44543;44543;29;0.219208
100;10;0.75;4;8;44543;44543;2;0.197000
100;10;0.75;4;9;44543;44543;7;0.228879
100;10;0.75;5;0;42557;42563;19;0.163279
100;10;0.75;5;1;42563;42563;4;0.165331
100;10;0.75;5;2;42563;42563;10;0.192506
100;10;0.75;5;3;42563;42563;24;0.191423
100;10;0.75;5;4;42557;42563;3;0.147926
100;10;0.75;5;5;42557;42563;21;0.165465
100;10;0.75;5;6;42563;42563;5;0.183908
100;10;0.75;5;7;42563;42563;17;0.194275
100;10;0.75;5;8;42563;42563;10;0.188747
100;10;0.75;5;9;42557;42563;6;0.169292
100;10;0.75;6;0;43813;43813;8;0.171067
100;10;0.75;6;1;43813;43813;36;0.181632
100;10;0.75;6;2;43813;43813;16;0.186812
100;10;0.75;6;3;43813;43813;19;0.165895
100;10;0.75;6;4;43813;43813;8;0.172301
100;10;0.75;6;5;43813;43813;0;0.185477
100;10;0.75;6;6;43813;43813;35;0.186874
100;10;0.75;6;7;43813;43813;14;0.181303
100;10;0.75;6;8;43813;43813;3;0.191266
100;10;0.75;6;9;43813;43813;12;0.172769
100;10;0.75;7;0;40974;40974;10;0.247204
100;10;0.75;7;1;40974;40974;7;0.246826
100;10;0.75;7;2;40974;40974;0;0.205960
100;10;0.75;7;3;40974;40974;23;0.242496
100;10;0.75;7;4;40956;40974;30;0.220246
100;10;0.75;7;5;40974;40974;8;0.234775
100;10;0.75;7;6;40974;40974;1;0.236225
100;10;0.75;7;7;40974;40974;28;0.258194
100;10;0.75;7;8;40974;40974;9;0.288398
100;10;0.75;7;9;40974;40974;11;0.252951
100;10;0.75;8;0;44051;44051;5;0.215966
100;10;0.75;8;1;44051;44051;7;0.216403
100;10;0.75;8;2;44051;44051;12;0.221852
100;10;0.75;8;3;44051;44051;6;0.217449
100;10;0.75;8;4;44051;44051;10;0.226021
100;10;0.75;8;5;44051;44051;3;0.216112
100;10;0.75;8;6;44051;44051;9;0.219057
100;10;0.75;8;7;44051;44051;2;0.215991
100;10;0.75;8;8;44051;44051;7;0.218157
100;10;0.75;8;9;44051;44051;9;0.219829
100;10;0.75;9;0;47064;47067;26;0.203131
100;10;0.75;9;1;47064;47067;15;0.170090
100;10;0.75;9;2;47064;47067;13;0.166791
100;10;0.75;9;3;47064;47067;22;0.171287
100;10;0.75;9;4;47064;47067;0;0.169560
100;10;0.75;9;5;47064;47067;32;0.199515
100;10;0.75;9;6;47064;47067;0;0.164874
100;10;0.75;9;7;47064;47067;46;0.206012
100;10;0.75;9;8;47064;47067;7;0.185966
100;10;0.75;9;9;47064;47067;0;0.179142
100;10;0.75;10;0;44968;44968;6;0.139304
100;10;0.75;10;1;44968;44968;11;0.147689
100;10;0.75;10;2;44968;44968;8;0.138914
100;10;0.75;10;3;44968;44968;11;0.140599
100;10;0.75;10;4;44968;44968;6;0.149746
100;10;0.75;10;5;44968;44968;10;0.144241
100;10;0.75;10;6;44968;44968;7;0.141890
100;10;0.75;10;7;44968;44968;10;0.157568
100;10;0.75;10;8;44968;44968;9;0.142343
100;10;0.75;10;9;44968;44968;0;0.145816
100;30;0.25;1;0;15670;16085;256;0.799459
100;30;0.25;1;1;15880;16085;172;0.587017
100;30;0.25;1;2;15929;16085;228;0.851265
100;30;0.25;1;3;15881;16085;294;1.032399
100;30;0.25;1;4;15909;16085;116;0.990207
100;30;0.25;1;5;15788;16085;100;1.194504
100;30;0.25;1;6;15898;16085;195;1.018946
100;30;0.25;1;7;15778;16085;158;0.951819
100;30;0.25;1;8;15857;16085;244;1.112584
100;30;0.25;1;9;15852;16085;279;1.215410
100;30;0.25;2;0;16684;16859;85;0.659346
100;30;0.25;2;1;16717;16859;113;1.014438
100;30;0.25;2;2;16736;16859;243;0.944202
100;30;0.25;2;3;16684;16859;51;0.578091
100;30;0.25;2;4;16660;16859;112;0.480964
100;30;0.25;2;5;16684;16859;71;0.428551
100;30;0.25;2;6;16638;16859;80;0.397447
100;30;0.25;2;7;16684;16859;110;0.451791
100;30;0.25;2;8;16684;16859;88;0.430893
100;30;0.25;2;9;16684;16859;125;0.415082
100;30;0.25;3;0;16667;16892;200;1.149705
100;30;0.25;3;1;16745;16892;212;1.001054
100;30;0.25;3;2;16637;16892;187;1.047422
100;30;0.25;3;3;16747;16892;257;1.119771
100;30;0.25;3;4;16680;16892;211;0.682015
100;30;0.25;3;5;16659;16892;194;0.729937
100;30;0.25;3;6;16680;16892;158;0.538337
100;30;0.25;3;7;16630;16892;159;0.791446
100;30;0.25;3;8;16721;16892;138;0.634703
100;30;0.25;3;9;16739;16892;124;0.629156
100;30;0.25;4;0;18047;18311;144;0.538807
100;30;0.25;4;1;18263;18311;246;0.634759
100;30;0.25;4;2;17918;18311;118;0.428746
100;30;0.25;4;3;18067;18311;61;0.516518
100;30;0.25;4;4;17992;18311;118;0.509358
100;30;0.25;4;5;17915;18311;123;0.406591
100;30;0.25;4;6;18067;18311;117;0.531289
100;30;0.25;4;7;17915;18311;150;0.462822
100;30;0.25;4;8;17915;18311;78;0.369722
100;30;0.25;4;9;17943;18311;76;0.421822
100;30;0.25;5;0;16717;16889;280;0.807012
100;30;0.25;5;1;16456;16889;206;0.832050
100;30;0.25;5;2;16463;16889;117;0.664725
100;30;0.25;5;3;16599;16889;282;0.816633
100;30;0.25;5;4;16619;16889;296;0.884205
100;30;0.25;5;5;16666;16889;135;0.887906
100;30;0.25;5;6;16505;16889;246;0.818340
100;30;0.25;5;7;16593;16889;224;0.686436
100;30;0.25;5;8;16643;16889;89;0.811278
100;30;0.25;5;9;16691;16889;260;0.827000
100;30;0.25;6;0;17150;17359;254;0.768496
100;30;0.25;6;1;17188;17359;281;0.692629
100;30;0.25;6;2;17235;17359;191;0.574980
100;30;0.25;6;3;17265;17359;179;0.743208
100;30;0.25;6;4;17223;17359;234;0.745038
100;30;0.25;6;5;17201;17359;259;0.834647
100;30;0.25;6;6;17244;17359;202;0.707803
100;30;0.25;6;7;17261;17359;184;0.582084
100;30;0.25;6;8;17116;17359;73;0.565810
100;30;0.25;6;9;17033;17359;237;0.746817
100;30;0.25;7;0;17208;17430;183;0.540617
100;30;0.25;7;1;17113;17430;25;0.391250
100;30;0.25;7;2;17208;17430;210;0.678506
100;30;0.25;7;3;17148;17430;49;0.485863
100;30;0.25;7;4;17317;17430;197;0.575176
100;30;0.25;7;5;17118;17430;95;0.576847
100;30;0.25;7;6;17122;17430;172;0.712603
100;30;0.25;7;7;17317;17430;274;0.739061
100;30;0.25;7;8;17198;17430;130;0.556325
100;30;0.25;7;9;17053;17430;162;0.486648
100;30;0.25;8;0;17626;17974;80;0.385449
100;30;0.25;8;1;17623;17974;57;0.406833
100;30;0.25;8;2;17711;17974;108;0.499392
100;30;0.25;8;3;17626;17974;90;0.365540
100;30;0.25;8;4;17626;17974;133;0.413947
100;30;0.25;8;5;17778;17974;100;0.391262
100;30;0.25;8;6;17626;17974;95;0.371086
100;30;0.25;8;7;17687;17974;98;0.419092
100;30;0.25;8;8;17626;17974;157;0.464924
100;30;0.25;8;9;17626;17974;66;0.336852
100;30;0.25;9;0;17517;17662;128;0.570038
100;30;0.25;9;1;17381;17662;54;0.373895
100;30;0.25;9;2;17452;17662;83;0.551096
100;30;0.25;9;3;17435;17662;67;0.430716
100;30;0.25;9;4;17399;17662;70;0.405804
100;30;0.25;9;5;17429;17662;174;0.602317
100;30;0.25;9;6;17381;17662;89;0.468063
100;30;0.25;9;7;17399;17662;70;0.474221
100;30;0.25;9;8;17381;17662;121;0.534698
100;30;0.25;9;9;17452;17662;63;0.410356
100;30;0.25;10;0;17151;17373;118;0.423675
100;30;0.25;10;1;17199;17373;83;0.413412
100;30;0.25;10;2;17373;17373;82;0.390582
100;30;0.25;10;3;17199;17373;96;0.393352
100;30;0.25;10;4;17199;17373;76;0.362290
100;30;0.25;10;5;17199;17373;38;0.326055
100;30;0.25;10;6;17199;17373;124;0.440029
100;30;0.25;10;7;17199;17373;109;0.492978
100;30;0.25;10;8;17167;17373;62;0.426240
100;30;0.25;10;9;17221;17373;139;0.545588
100;30;0.50;1;0;32302;32472;138;0.630008
100;30;0.50;1;1;32309;32472;71;0.403028
100;30;0.50;1;2;32196;32472;66;0.395656
100;30;0.50;1;3;32333;32472;208;0.540716
100;30;0.50;1;4;32196;32472;55;0.328571
100;30;0.50;1;5;32166;32472;145;0.486831
100;30;0.50;1;6;32309;32472;86;0.485247
100;30;0.50;1;7;32203;32472;29;0.413816
100;30;0.50;1;8;32309;32472;71;0.439295
100;30;0.50;1;9;32309;32472;22;0.325062
100;30;0.50;2;0;31601;31829;94;0.733403
100;30;0.50;2;1;31610;31829;274;0.735517
100;30;0.50;2;2;31588;31829;199;0.749168
100;30;0.50;2;3;31639;31829;224;0.718860
100;30;0.50;2;4;31628;31829;242;0.769142
100;30;0.50;2;5;31719;31829;167;0.659065
100;30;0.50;2;6;31580;31829;174;0.641668
100;30;0.50;2;7;31558;31829;137;0.546541
100;30;0.50;2;8;31625;31829;106;0.554549
100;30;0.50;2;9;31598;31829;283;0.731832
100;30;0.50;3;0;31782;31904;118;0.381605
100;30;0.50;3;1;31683;31904;89;0.380305
100;30;0.50;3;2;31904;31904;94;0.362828
100;30;0.50;3;3;31697;31904;117;0.358059
100;30;0.50;3;4;31705;31904;96;0.397415
100;30;0.50;3;5;31771;31904;95;0.341036
100;30;0.50;3;6;31697;31904;102;0.447523
100;30;0.50;3;7;31782;31904;106;0.413921
100;30;0.50;3;8;31683;31904;107;0.398062
100;30;0.50;3;9;31662;31904;47;0.303856
100;30;0.50;4;0;30838;31019;63;0.385935
100;30;0.50;4;1;30838;31019;43;0.314402
100;30;0.50;4;2;30838;31019;97;0.377444
100;30;0.50;4;3;30809;31019;83;0.415388
100;30;0.50;4;4;30841;31019;117;0.421681
100;30;0.50;4;5;30841;31019;95;0.356186
100;30;0.50;4;6;30841;31019;88;0.317031
100;30;0.50;4;7;30891;31019;33;0.393165
100;30;0.50;4;8;30796;31019;79;0.373095
100;30;0.50;4;9;30838;31019;45;0.309178
100;30;0.50;5;0;30718;31017;199;0.820535
100;30;0.50;5;1;30705;31017;242;1.103834
100;30;0.50;5;2;30862;31017;286;1.093368
100;30;0.50;5;3;30673;31017;133;0.792956
100;30;0.50;5;4;30861;31017;141;0.886443
100;30;0.50;5;5;30705;31017;112;0.439362
100;30;0.50;5;6;30886;31017;43;0.744052
100;30;0.50;5;7;30689;31017;217;0.625209
100;30;0.50;5;8;30567;31017;65;0.366260
100;30;0.50;5;9;30855;31017;206;0.632442
100;30;0.50;6;0;30404;30499;202;0.678874
100;30;0.50;6;1;30440;30499;215;0.755063
100;30;0.50;6;2;30282;30499;185;0.625555
100;30;0.50;6;3;30292;30499;116;0.547873
100;30;0.50;6;4;30399;30499;152;0.622111
100;30;0.50;6;5;30481;30499;262;0.684008
100;30;0.50;6;6;30482;30499;289;0.711134
100;30;0.50;6;7;30404;30499;117;0.479110
100;30;0.50;6;8;30335;30499;192;0.680108
100;30;0.50;6;9;30377;30499;181;0.669783
100;30;0.50;7;0;31129;31347;165;0.610926
100;30;0.50;7;1;31222;31347;125;0.521386
100;30;0.50;7;2;31231;31347;179;0.693317
100;30;0.50;7;3;31316;31347;226;0.667062
100;30;0.50;7;4;31229;31347;187;0.611985
100;30;0.50;7;5;31222;31347;125;0.526641
100;30;0.50;7;6;31222;31347;289;0.761394
100;30;0.50;7;7;31222;31347;166;0.572457
100;30;0.50;7;8;31222;31347;160;0.545083
100;30;0.50;7;9;31222;31347;249;0.675998
100;30;0.50;8;0;30122;30317;127;0.611009
100;30;0.50;8;1;29983;30317;60;0.550433
100;30;0.50;8;2;30200;30317;114;0.542283
100;30;0.50;8;3;30193;30317;95;0.375744
100;30;0.50;8;4;30200;30317;138;0.452861
100;30;0.50;8;5;30193;30317;220;0.552006
100;30;0.50;8;6;30212;30317;127;0.394510
100;30;0.50;8;7;30088;30317;39;0.306554
100;30;0.50;8;8;30083;30317;38;0.301883
100;30;0.50;8;9;30186;30317;54;0.457234
100;30;0.50;9;0;30187;30239;46;0.315764
100;30;0.50;9;1;30074;30239;51;0.313894
100;30;0.50;9;2;30105;30239;54;0.348885
100;30;0.50;9;3;30074;30239;64;0.345887
100;30;0.50;9;4;30160;30239;86;0.393994
100;30;0.50;9;5;30187;30239;173;0.356955
100;30;0.50;9;6;30108;30239;85;0.360981
100;30;0.50;9;7;30187;30239;225;0.558604
100;30;0.50;9;8;30187;30239;208;0.498239
100;30;0.50;9;9;30095;30239;131;0.434396
100;30;0.50;10;0;30043;30238;294;0.704881
100;30;0.50;10;1;30121;30238;167;0.470581
100;30;0.50;10;2;30127;30238;269;0.664289
100;30;0.50;10;3;29996;30238;267;0.646924
100;30;0.50;10;4;30032;30238;271;0.643549
100;30;0.50;10;5;30032;30238;221;0.578091
100;30;0.50;10;6;30042;30238;258;0.647594
100;30;0.50;10;7;30041;30238;256;0.727010
100;30;0.50;10;8;30044;30238;239;0.612875
100;30;0.50;10;9;30059;30238;126;0.493350
100;30;0.75;1;0;43141;43400;57;0.505391
100;30;0.75;1;1;43199;43400;152;0.687535
100;30;0.75;1;2;43248;43400;183;0.643810
100;30;0.75;1;3;43151;43400;40;0.507122
100;30;0.75;1;4;43152;43400;68;0.537181
100;30;0.75;1;5;43169;43400;235;0.708116
100;30;0.75;1;6;43192;43400;42;0.753573
100;30;0.75;1;7;43121;43400;81;0.553930
100;30;0.75;1;8;43211;43400;143;0.745379
100;30;0.75;1;9;43067;43400;26;0.446123
100;30;0.75;2;0;40420;40512;36;0.271352
100;30;0.75;2;1;40420;40512;38;0.264250
100;30;0.75;2;2;40420;40512;25;0.235206
100;30;0.75;2;3;40315;40512;31;0.264628
100;30;0.75;2;4;40466;40512;68;0.276278
100;30;0.75;2;5;40420;40512;28;0.245616
100;30;0.75;2;6;40420;40512;37;0.250774
100;30;0.75;2;7;40420;40512;33;0.256820
100;30;0.75;2;8;40420;40512;29;0.236520
100;30;0.75;2;9;40420;40512;32;0.240698
100;30;0.75;3;0;42776;42909;74;0.316481
100;30;0.75;3;1;42743;42909;45;0.286565
100;30;0.75;3;2;42776;42909;52;0.312392
100;30;0.75;3;3;42776;42909;53;0.293185
100;30;0.75;3;4;42873;42909;56;0.322956
100;30;0.75;3;5;42873;42909;76;0.337491
100;30;0.75;3;6;42776;42909;67;0.306703
100;30;0.75;3;7;42776;42909;72;0.312871
100;30;0.75;3;8;42776;42909;59;0.310947
100;30;0.75;3;9;42824;42909;61;0.330095
100;30;0.75;4;0;44792;44827;68;0.375820
100;30;0.75;4;1;44827;44827;48;0.339660
100;30;0.75;4;2;44805;44827;73;0.419428
100;30;0.75;4;3;44792;44827;92;0.354033
100;30;0.75;4;4;44805;44827;54;0.330771
100;30;0.75;4;5;44772;44827;63;0.319775
100;30;0.75;4;6;44827;44827;120;0.361091
100;30;0.75;4;7;44827;44827;78;0.366302
100;30;0.75;4;8;44791;44827;67;0.377590
100;30;0.75;4;9;44793;44827;116;0.372699
100;30;0.75;5;0;46312;46335;54;0.322729
100;30;0.75;5;1;46331;46335;70;0.325080
100;30;0.75;5;2;46218;46335;74;0.363372
100;30;0.75;5;3;46331;46335;76;0.308427
100;30;0.75;5;4;46199;46335;14;0.277559
100;30;0.75;5;5;46280;46335;45;0.328989
100;30;0.75;5;6;46335;46335;104;0.373743
100;30;0.75;5;7;46052;46335;38;0.291559
100;30;0.75;5;8;46335;46335;78;0.341260
100;30;0.75;5;9;46120;46335;62;0.314143
100;30;0.75;6;0;40215;40387;68;0.388495
100;30;0.75;6;1;40279;40387;169;0.519262
100;30;0.75;6;2;40251;40387;168;0.494786
100;30;0.75;6;3;40279;40387;52;0.339738
100;30;0.75;6;4;40271;40387;131;0.509478
100;30;0.75;6;5;40264;40387;111;0.498278
100;30;0.75;6;6;40320;40387;78;0.420397
100;30;0.75;6;7;40279;40387;72;0.357906
100;30;0.75;6;8;40314;40387;105;0.444712
100;30;0.75;6;9;40271;40387;113;0.466651
100;30;0.75;7;0;42518;42628;60;0.322423
100;30;0.75;7;1;42389;42628;85;0.369724
100;30;0.75;7;2;42437;42628;41;0.306077
100;30;0.75;7;3;42393;42628;122;0.507109
100;30;0.75;7;4;42288;42628;127;0.536863
100;30;0.75;7;5;42400;42628;128;0.690961
100;30;0.75;7;6;42564;42628;140;0.682218
100;30;0.75;7;7;42334;42628;77;0.527661
100;30;0.75;7;8;42481;42628;61;0.487965
100;30;0.75;7;9;42545;42628;154;0.695359
100;30;0.75;8;0;43179;43295;40;0.314395
100;30;0.75;8;1;43213;43295;109;0.362367
100;30;0.75;8;2;43259;43295;106;0.380349
100;30;0.75;8;3;43179;43295;79;0.348258
100;30;0.75;8;4;43179;43295;54;0.305179
100;30;0.75;8;5;43213;43295;101;0.341636
100;30;0.75;8;6;43213;43295;61;0.327620
100;30;0.75;8;7;43259;43295;116;0.372578
100;30;0.75;8;8;43199;43295;89;0.340924
100;30;0.75;8;9;43098;43295;47;0.299193
100;30;0.75;9;0;44294;44525;62;0.337117
100;30;0.75;9;1;44401;44525;96;0.341446
100;30;0.75;9;2;44376;44525;48;0.302332
100;30;0.75;9;3;44401;44525;87;0.350945
100;30;0.75;9;4;44323;44525;59;0.312252
100;30;0.75;9;5;44402;44525;96;0.478758
100;30;0.75;9;6;44401;44525;87;0.377627
100;30;0.75;9;7;44401;44525;59;0.368401
100;30;0.75;9;8;44395;44525;52;0.329765
100;30;0.75;9;9;44410;44525;72;0.332129
100;30;0.75;10;0;42070;42171;49;0.338372
100;30;0.75;10;1;42116;42171;113;0.428424
100;30;0.75;10;2;41984;42171;55;0.328834
100;30;0.75;10;3;42069;42171;76;0.343351
100;30;0.75;10;4;42111;42171;178;0.466463
100;30;0.75;10;5;42078;42171;52;0.337405
100;30;0.75;10;6;42070;42171;52;0.322450
100;30;0.75;10;7;41984;42171;58;0.317657
100;30;0.75;10;8;42104;42171;92;0.373773
100;30;0.75;10;9;42001;42171;62;0.345783
